<eml:eml xmlns:eml="https://eml.ecoinformatics.org/eml-2.2.0"
         xmlns:dc="http://purl.org/dc/terms/"
         xmlns:xsi="http://www.w3.org/2001/XMLSchema-instance"
         xsi:schemaLocation="https://eml.ecoinformatics.org/eml-2.2.0 https://rs.gbif.org/schema/eml-gbif-profile/1.3/eml.xsd"
         packageId="ac1cd9af-3b82-42f7-9e65-ba3afa74404c/v1.18" system="http://gbif.org" scope="system"
         xml:lang="eng">
    <dataset>
        <alternateIdentifier>ac1cd9af-3b82-42f7-9e65-ba3afa74404c</alternateIdentifier>
        <alternateIdentifier>https://cloud.gbif.org/griis/resource?r=sint-eustatius_griis</alternateIdentifier>
        <title xml:lang="eng">Global Register of Introduced and Invasive Species - Sint Eustatius, Bonaire, Sint Eustatius and Saba</title>
        <creator>
            <individualName>
                <givenName>Adolphe</givenName>
                <surName>Debrot</surName>
            </individualName>
            <organizationName>Wageningen Marine Research</organizationName>
            <address>
                <country>NL</country>
            </address>
            <electronicMailAddress>dolfi.debrot@wur.nl</electronicMailAddress>
        </creator>
        <creator>
            <individualName>
                <givenName>Hannah</givenName>
                <surName>Madden</surName>
            </individualName>
            <organizationName>Ecological Professionals Foundation</organizationName>
            <address>
                <country>BQ</country>
            </address>
            <electronicMailAddress>hannah.madden.ecopro@gmail.com</electronicMailAddress>
        </creator>
        <creator>
            <individualName>
                <givenName>John</givenName>
                <surName>de Freitas</surName>
            </individualName>
            <organizationName>Carmabi Foundation</organizationName>
            <address>
                <country>BQ</country>
            </address>
            <electronicMailAddress>j.defreitas@carmabi.org</electronicMailAddress>
        </creator>
        <creator>
            <individualName>
                <givenName>Lian Jenna</givenName>
                <surName>Wong</surName>
            </individualName>
            <organizationName>Biodiversity Data Management Ltd.</organizationName>
            <positionName>Research Assistant</positionName>
            <address>
                <country>NZ</country>
            </address>
            <electronicMailAddress>eleusia@gmail.com</electronicMailAddress>
        </creator>
        <creator>
            <individualName>
                <givenName>Shyama</givenName>
                <surName>Pagad</surName>
            </individualName>
            <organizationName>IUCN SSC Invasive Species Specialist Group (ISSG)</organizationName>
            <positionName>Deputy Chair Information</positionName>
            <address>
                <country>NZ</country>
            </address>
            <electronicMailAddress>s.pagad@auckland.ac.nz</electronicMailAddress>
        </creator>
        <metadataProvider>
            <individualName>
                <givenName>Shyama</givenName>
                <surName>Pagad</surName>
            </individualName>
            <organizationName>IUCN SSC Invasive Species Specialist Group (ISSG)</organizationName>
            <positionName>Deputy Chair Information</positionName>
            <address>
                <country>NZ</country>
            </address>
            <electronicMailAddress>s.pagad@auckland.ac.nz</electronicMailAddress>
        </metadataProvider>
        <associatedParty>
            <individualName>
                <givenName>Shyama</givenName>
                <surName>Pagad</surName>
            </individualName>
            <electronicMailAddress>s.pagad@auckland.ac.nz</electronicMailAddress>
            <role>user</role>
        </associatedParty>
        <pubDate>
            2025-04-09
        </pubDate>
        <language>eng</language>
        <abstract>
            <para>The Global Register of Introduced and Invasive Species (GRIIS) presents validated and verified checklists of introduced (alien) and invasive alien species at the country level. Phase 1 of the project has focused on developing validated and verified checklists of countries that are Party to the Convention on Biological Diversity. Phase 2 will include countries that are not parties to the CBD and the European Overseas territories. This annotated checklist is of introduced (alien) and invasive alien species known to occur in Sint Eustatius, a municipality of the Netherlands in the Caribbean region.</para>
        </abstract>
        <keywordSet>
            <keyword>Checklist</keyword>
            <keywordThesaurus>GBIF Dataset Type Vocabulary: http://rs.gbif.org/vocabulary/gbif/dataset_type.xml</keywordThesaurus>
        </keywordSet>
        <keywordSet>
            <keyword>Inventorythematic</keyword>
            <keywordThesaurus>GBIF Dataset Subtype Vocabulary: http://rs.gbif.org/vocabulary/gbif/dataset_subtype.xml</keywordThesaurus>
        </keywordSet>
        <keywordSet>
            <keyword>Alien</keyword>
            <keywordThesaurus>n/a</keywordThesaurus>
        </keywordSet>
        <keywordSet>
            <keyword>Invasive</keyword>
            <keywordThesaurus>n/a</keywordThesaurus>
        </keywordSet>
        <keywordSet>
            <keyword>Validated and verified</keyword>
            <keywordThesaurus>n/a</keywordThesaurus>
        </keywordSet>
        <keywordSet>
            <keyword>country_BQ-SE</keyword>
            <keywordThesaurus>n/a</keywordThesaurus>
        </keywordSet>
        <keywordSet>
            <keyword>Checklist</keyword>
            <keywordThesaurus>GBIF Dataset Type Vocabulary: http://rs.gbif.org/vocabulary/gbif/dataset_type_2015-07-10.xml</keywordThesaurus>
        </keywordSet>
        <additionalInfo>
            <para>Versioning
The GRIIS checklists are dynamic and reflect the latest known status of alien and invasive species presence and impacts. 

The original versions of each country checklist (v1.0) undergo two potential types of updates: 
1. Major updates: These happen when batches of new species or records become available, usually addressing multiple taxonomic groups simultaneously.  Each checklist is assigned a new version number after a major update (e.g. from v1.0 to v2.0). 
2. Incremental updates: These are smaller ongoing updates involving the addition of new species or records based on new publications as well as taxonomic or other updates. Incremental updates to a checklist are associated with a subversion number, e.g. v1.1.
The checklist version number is visible/available on the citation.</para>
        </additionalInfo>
        <intellectualRights>
            <para>This work is licensed under a <ulink url="http://creativecommons.org/licenses/by/4.0/legalcode"><citetitle>Creative Commons Attribution (CC-BY) 4.0 License</citetitle></ulink>.</para>
        </intellectualRights>
        <distribution scope="document">
            <online>
                <url function="information">http://griis.org/</url>
            </online>
        </distribution>
        <coverage>
            <geographicCoverage>
                <geographicDescription>The Global Register of Introduced and Invasive Species (GRIIS) presents validated and verified checklists (inventories) of introduced (alien) and invasive alien species at the country level. Phase 1 of the project has focused on developing validated and verified checklists (inventories) of countries that are Party to the Convention on Biological Diversity. Phase 2 will include countries that are not parties to the CBD and the European Overseas territories. This annotated checklist (inventory) is of introduced (alien) and invasive alien species known to occur in Sint Eustatius, a municipality of the Netherlands in the Caribbean region.</geographicDescription>
                <boundingCoordinates>
                    <westBoundingCoordinate>-102.656</westBoundingCoordinate>
                    <eastBoundingCoordinate>-49.219</eastBoundingCoordinate>
                    <northBoundingCoordinate>36.598</northBoundingCoordinate>
                    <southBoundingCoordinate>0</southBoundingCoordinate>
                </boundingCoordinates>
            </geographicCoverage>
            <taxonomicCoverage>
                <taxonomicClassification>
                    <taxonRankName>kingdom</taxonRankName>
                    <taxonRankValue>Animalia</taxonRankValue>
                </taxonomicClassification>
                <taxonomicClassification>
                    <taxonRankName>kingdom</taxonRankName>
                    <taxonRankValue>Bacteria</taxonRankValue>
                </taxonomicClassification>
                <taxonomicClassification>
                    <taxonRankName>kingdom</taxonRankName>
                    <taxonRankValue>Chromista</taxonRankValue>
                </taxonomicClassification>
                <taxonomicClassification>
                    <taxonRankName>kingdom</taxonRankName>
                    <taxonRankValue>Fungi</taxonRankValue>
                </taxonomicClassification>
                <taxonomicClassification>
                    <taxonRankName>kingdom</taxonRankName>
                    <taxonRankValue>Plantae</taxonRankValue>
                </taxonomicClassification>
                <taxonomicClassification>
                    <taxonRankName>kingdom</taxonRankName>
                    <taxonRankValue>Protozoa</taxonRankValue>
                </taxonomicClassification>
                <taxonomicClassification>
                    <taxonRankName>kingdom</taxonRankName>
                    <taxonRankValue>Viruses</taxonRankValue>
                </taxonomicClassification>
            </taxonomicCoverage>
        </coverage>
        <purpose><para>The resource will be a support to countries to make progress to achieve Aichi Biodiversity Target 9 -in the development of their National Biodiversity Strategy and Action Plans, their National Invasive Alien Species Strategy and Action Plan, target setting and monitoring.</para></purpose>
        <maintenance>
            <description>
                <para>Updates with any new data and any revisions of existing data will be made on a biannual basis</para>
            </description>
            <maintenanceUpdateFrequency>biannually</maintenanceUpdateFrequency>
        </maintenance>
        <contact>
            <individualName>
                <givenName>Shyama</givenName>
                <surName>Pagad</surName>
            </individualName>
            <organizationName>IUCN SSC Invasive Species Specialist Group (ISSG)</organizationName>
            <positionName>Deputy Chair Information</positionName>
            <address>
                <country>NZ</country>
            </address>
            <electronicMailAddress>s.pagad@auckland.ac.nz</electronicMailAddress>
        </contact>
        <methods>
            <methodStep>
                <description>
                    <para>Data collation and categorization
Data filtering and categorization/ classification 
Taxonomic harmonization and normalization
Data validation
Data verification</para>
                </description>
            </methodStep>
            <methodStep>
                <description>
                    <para>The published methods underpinning GRIIS and each checklist are described in the following article:
Pagad S, Genovesi P, Carnevali L, Schigel D, McGeoch MA (2018) Introducing the Global Register of Introduced and Invasive Species. Scientific Data, 5, 170202.
https://www.nature.com/articles/sdata2017202</para>
                </description>
            </methodStep>
            <sampling>
                <studyExtent>
                    <description>
                        <para>The geographic focus of this checklist is the island of Sint Eustatius, Netherlands</para>
                    </description>
                </studyExtent>
                <samplingDescription>
                    <para>This annotated checklist is focused on introduced (alien) and invasive species that are known to occur in Sint Eustatius. 

The International Union for Conservation of Nature, (IUCN) describes an Introduced/ Alien and Invasive alien species as follows:  

An Introduced/ Alien species means a species, subspecies, or lower taxon occurring outside of its natural range (past or present) and dispersal potential (i.e. outside the range it occupies naturally or could not occupy without direct or indirect introduction or care by humans) and includes any part, gametes or propagule of such species that might survive and subsequently reproduce. 

An Invasive alien species means an alien species which becomes established in natural or semi-natural ecosystems or habitat, is an agent of change, and threatens native biological diversity.

In GRIIS, species are recorded as having an impact (as &apos;yes&apos; under &apos;isInvasive&apos;) if there is evidence of the species negatively impacting biodiversity, and including species that are widespread, spreading rapidly or present in high abundance (Pagad et al. 2018). This usage is relevant to the purpose of GRIIS, and consistent with the concept of impact as formulated by Parker et al. (1999) and now widely used (e.g. Didham et al. 2005, Strayer et al. 2006, McGeoch et al. 2010, 2012, Vila et al. 2011), where impact is a function not only of the per capita effect of an individual organism, but is a combined function of the effect, abundance and range size of a species. Impact can of course be defined in different ways, driven by different objectives, such as its usage in EICAT where it is defined as a measurable change to the properties of an ecosystem caused by an alien taxon (Hawkins et al. 2015). 

Pagad S, Genovesi P, Carnevali L, Schigel D, McGeoch MA (2018) Introducing the Global Register of Introduced and Invasive Species. Scientific Data, 5, 170202.
https://www.nature.com/articles/sdata2017202

Parker I, Simberloff D, Lonsdale W. et al. (1999) Impact: Toward a Framework for Understanding the Ecological Effects of Invaders. Biological Invasions 1, 3–19 (1999). https://doi.org/10.1023/A:1010034312781

Didham RK, Tylianakis JM, Hutchison MA, Ewers RM, Gemmell NJ. (2005) Are invasive species the drivers of ecological change? Trends Ecol Evol. 2005 Sep;20(9):470-4. Epub 2005 Jul 21.

Strayer DL, Eviner VT, Jeschke JM, Pace ML. (2006) Understanding the long-term effects of species invasions. Trends in Ecology &amp; Evolution 21(11):645-51

McGeoch MA, Butchart SHM, Spear D, Marais E. Kleynhans EJ, Symes A, Chanson J, Hoffmann M. (2010) Global indicators of biological invasion: species numbers, biodiversity impact and policy responses. Diversity and Distributions Volume16, Issue1 January 2010
McGeoch, M.A., Spear, D., Kleynhans, E.J. &amp; Marais, E. 2012. Uncertainty in invasive alien species listing. Ecological Applications 22, 959-971. 10.1890/11-1252.1

Vilà M, Espinar JL, Hejda M, Hulme PE, Jarošík V, Maron JL, Pergl J, Schaffner U, Sun Y, Pyšek P. (2011) Ecological impacts of invasive alien plants: a meta‐analysis of their effects on species, communities and ecosystems. Ecology Letters Volume14, Issue7 July 2011 Pages 702-708

Hawkins CL, Bacher S, Essl F, Hulme PE, Jeschke JM, Kühn I, Kumschick S, Nentwig W, Pergl J, Pyšek P, Rabitsch W, Richardson DM, Vilà  M, Wilson JRU, Genovesi P, Blackburn TM. (2015) Framework and guidelines for implementing the proposed IUCN Environmental Impact Classification for Alien Taxa (EICAT) Diversity and Distributions Volume21, Issue11 November 2015 Pages 1360-1363</para>
                </samplingDescription>
            </sampling>
            <qualityControl>
                <description>
                    <para>The draft checklist is compiled by collating data and information through a comprehensive literature overview. Additional steps implemented to control the quality of the data are described below.

Taxonomic harmonization and normalization using the GBIF taxonomic backbone
In order to harmonize all species names across countries, species lists are subjected to a normalization process in which taxon rank and taxonomic status are identified and assigned. Spelling and other errors in assigning species authorship are also corrected.

Data validation
The checklist compiler team completes a review and validates all the annotations especially those on provenance and &apos;invasiveness&apos; status of the species based on evidence of impact.

Data verification
The checklist is submitted to a network of country editors for a review of both accuracy of records, annotations and identification of any significant gaps in the data. Data verification is an iterative process and the activity is declared completed on agreement of all relevant country editors.

One of the key tenets of the GRIIS project has been engagement with country editors in the verification process and as custodians of their country checklists. While this has been possible in the majority of countries, the compilers have not been very successful in this engagement for a small number of countries. In these cases, the GRIIS compiler team has completed the validation of the species records while working on identifying country experts.</para>
                </description>
            </qualityControl>
        </methods>
        <project id="GRIIS">
            <title>Global Register of Introduced and Invasive Species GRIIS</title>
            <personnel>
                <individualName>
                    <givenName>Shyama</givenName>
                    <surName>Pagad</surName>
                </individualName>
                <role></role>
            </personnel>
            <abstract>
                <para>The Global Register of Introduced and Invasive Species (GRIIS) presents validated and verified checklists of introduced (alien) and invasive alien species at the country, territory level.  The development of the GRIIS is an initiative supported by the Secretariat of the Convention on Biological Diversity (CBD) and is implemented within the framework of the Global Invasive Alien Species Information Partnership. The IUCN SSC Invasive Species Specialist Group is the project lead. The resource will be a support to Parties to make progress to Achieve Aichi Target 9 -in the development of their National Biodiversity Strategy and Action Plans, their National Invasive Alien Species Strategy and Action Plan, target setting and monitoring</para>
            </abstract>
            <funding>
                <para>GRIIS, hosted by Institute for Environmental Protection and Research (ISPRA) in Rome, Italy, has been developed with co-funding from the European Union through the Secretariat of the Convention on Biological Diversity within the framework of the Global Invasive Alien Species Information Partnership (GIASIPartnership).</para>
            </funding>
            <studyAreaDescription>
                <descriptor name="generic"
                            citableClassificationSystem="false">
                    <descriptorValue>GRIIS has global coverage, including the European Overseas Territories and Regions. Where appropriate, Sub-lists have been created for Oceanic Islands- for e.g. Soqotra of Yemen and the Juan Fernandez Islands of Chile. 

Taxonomic coverage includes all Kingdoms Animalia, Bacteria, Chromista, Fungi, Plantae, Protozoa, Viruses.</descriptorValue>
                </descriptor>
            </studyAreaDescription>
            <designDescription>
                <description>
                    <para>The Global Register of Invasive Species (GRIS) was developed as a concept and prototype by the IUCN SSC Invasive Species Specialist Group (ISSG) in 2006 as part of a project undertaken for the Defenders of Wildlife on the Regulation of Live Animal Imports into the United States. 

The concept was revisited and expanded by the ISSG to address Aichi Biodiversity Target 9 and support its achievement- with the development of the Global Register of Introduced and Invasive Species (GRIIS). GRIIS hosted by the ISSG compiles annotated and verified country-wise checklists of introduced (alien) and invasive alien species. Development and population of the GRIIS was undertaken by the ISSG within the framework of activities of the Information Synthesis and Assessment Working Group of the Global Invasive Alien Species Information Partnership (GIASIP).

A summary of the process
•	The compiler team will conduct a comprehensive lit review of authoritative and credible source information and develop a draft annotated country checklist  of introduced (alien) and invasive alien species. 
•	Annotations include species name (accepted name and synonym if used by the source), higher taxonomy, environmental/system in which the species occurs, biological status (provenance and invasiveness-based on evidence of impact), 
•	Country editor/editors are identified and consulted with for advice including knowledge of any key resources 
•	Draft checklists are submitted to country editors for a review for both accuracy of information and for any significant gaps. Revisions are implemented based on feedback. 
•	Every species record includes a check (indication) if the status has been verified as feedback is received. In cases where ‘evidence of impact’ information is gathered from peer-reviewed literature or reports; the species status will be considered &apos;verified&apos; 
•	Names of the editors as well as the complete reference list of sources consulted is recorded. 
•	Updates will be implemented six-monthly including change in status of species or any new records 
Notes on the annotations
•	Species names recorded from source information are referred to the GBIF taxonomic editor; if the source species name is a synonym, the accepted name is also recorded. This will help us to apply a consistent taxonomy across all inventories 
•	Higher taxonomy- Kingdom, Phylum, Class, Order, Genus and Species with species authority. 
•	Environment system- terrestrial/ freshwater / brackish / marine/ host and combinations 
•	Provenance- a) as recorded by the source information b) as interpreted by the compiler - three options applied are alien, native/alien (if the species is native in a part of a country and alien in another part), provenance uncertain/cryptogenic 
•	Invasiveness based on evidence of impact</para>
                </description>
            </designDescription>
        </project>
    </dataset>
    <additionalMetadata>
        <metadata>
            <gbif>
                <dateStamp>2018-03-27T20:46:22.869+00:00</dateStamp>
                <hierarchyLevel>dataset</hierarchyLevel>
                <citation>Debrot A, Madden H, de Freitas J, Wong L J, Pagad S (2025). Global Register of Introduced and Invasive Species - Sint Eustatius, Bonaire, Sint Eustatius and Saba. Version 1.18. Invasive Species Specialist Group ISSG. Checklist dataset. https://cloud.gbif.org/griis/resource?r=sint-eustatius_griis&amp;v=1.18</citation>
                <dc:replaces>ac1cd9af-3b82-42f7-9e65-ba3afa74404c/v1.18.xml</dc:replaces>
            </gbif>
        </metadata>
    </additionalMetadata>
</eml:eml>
