<archive xmlns="http://rs.tdwg.org/dwc/text/" metadata="eml.xml">
  <core encoding="UTF-8" fieldsTerminatedBy="\t" linesTerminatedBy="\n" fieldsEnclosedBy="" ignoreHeaderLines="1" rowType="http://rs.tdwg.org/dwc/terms/Taxon">
    <files>
      <location>taxon.txt</location>
    </files>
    <id index="0" />
    <field index="1" term="http://rs.tdwg.org/dwc/terms/taxonID"/>
    <field index="2" term="http://rs.tdwg.org/dwc/terms/scientificName"/>
    <field index="3" term="http://rs.tdwg.org/dwc/terms/acceptedNameUsage"/>
    <field index="4" term="http://rs.tdwg.org/dwc/terms/originalNameUsage"/>
    <field index="5" term="http://rs.tdwg.org/dwc/terms/kingdom"/>
    <field index="6" term="http://rs.tdwg.org/dwc/terms/phylum"/>
    <field index="7" term="http://rs.tdwg.org/dwc/terms/class"/>
    <field index="8" term="http://rs.tdwg.org/dwc/terms/order"/>
    <field index="9" term="http://rs.tdwg.org/dwc/terms/family"/>
    <field index="10" term="http://rs.tdwg.org/dwc/terms/taxonRank"/>
    <field index="11" term="http://rs.tdwg.org/dwc/terms/vernacularName"/>
    <field index="12" term="http://rs.tdwg.org/dwc/terms/taxonomicStatus"/>
  </core>
  <extension encoding="UTF-8" fieldsTerminatedBy="\t" linesTerminatedBy="\n" fieldsEnclosedBy="" ignoreHeaderLines="1" rowType="http://rs.gbif.org/terms/1.0/Distribution">
    <files>
      <location>distribution.txt</location>
    </files>
    <coreid index="0" />
    <field index="1" term="http://rs.tdwg.org/dwc/terms/locationID"/>
    <field index="2" term="http://rs.tdwg.org/dwc/terms/locality"/>
    <field index="3" term="http://rs.tdwg.org/dwc/terms/countryCode"/>
    <field index="4" term="http://rs.tdwg.org/dwc/terms/occurrenceStatus"/>
    <field index="5" term="http://rs.tdwg.org/dwc/terms/establishmentMeans"/>
    <field index="6" term="http://rs.tdwg.org/dwc/terms/eventDate"/>
  </extension>
  <extension encoding="UTF-8" fieldsTerminatedBy="\t" linesTerminatedBy="\n" fieldsEnclosedBy="" ignoreHeaderLines="1" rowType="http://rs.gbif.org/terms/1.0/SpeciesProfile">
    <files>
      <location>speciesprofile.txt</location>
    </files>
    <coreid index="0" />
    <field index="1" term="http://rs.gbif.org/terms/1.0/isInvasive"/>
    <field index="2" term="http://rs.tdwg.org/dwc/terms/habitat"/>
  </extension>
</archive>
