<eml:eml xmlns:eml="eml://ecoinformatics.org/eml-2.1.1"
         xmlns:dc="http://purl.org/dc/terms/"
         xmlns:xsi="http://www.w3.org/2001/XMLSchema-instance"
         xsi:schemaLocation="eml://ecoinformatics.org/eml-2.1.1 http://rs.gbif.org/schema/eml-gbif-profile/1.1/eml.xsd"
         packageId="69c3d481-f867-4e34-a068-dcd79213b4b9/v2.9" system="http://gbif.org" scope="system"
         xml:lang="eng">

<dataset>
  <alternateIdentifier>doi:10.15468/ig826c</alternateIdentifier>
  <alternateIdentifier>69c3d481-f867-4e34-a068-dcd79213b4b9</alternateIdentifier>
  <alternateIdentifier>https://cloud.gbif.org/griis/resource?r=griis-uae_checklist</alternateIdentifier>
  <title xml:lang="eng">Global Register of Introduced and Invasive Species - United Arab Emirates</title>
      <creator>
    <individualName>
        <givenName>Ahmed</givenName>
      <surName>Al Ali</surName>
    </individualName>
    <organizationName>The Environment and Protected Areas Authority in Sharjah (EPAA)</organizationName>
    <address>
        <country>AE</country>
    </address>
    <electronicMailAddress>ahmedalali@epaashj.ae</electronicMailAddress>
      </creator>
      <creator>
    <individualName>
        <givenName>Ahmed</givenName>
      <surName>Al Hashmi</surName>
    </individualName>
    <organizationName>Environment Agency – Abu Dhabi (EAD)</organizationName>
    <address>
        <country>AE</country>
    </address>
    <electronicMailAddress>ahmed.alhashmi@ead.ae</electronicMailAddress>
      </creator>
      <creator>
    <individualName>
        <givenName>Arch</givenName>
      <surName>Nejatian</surName>
    </individualName>
    <organizationName>International Center for Agricultural Research in the Dry Areas (ICARDA)</organizationName>
    <address>
        <country>AE</country>
    </address>
    <electronicMailAddress>a.nejatian@cgiar.org</electronicMailAddress>
      </creator>
      <creator>
    <individualName>
        <givenName>Binish</givenName>
      <surName>Roobas</surName>
    </individualName>
    <organizationName>Dubai Natural History Group, Al Noor Butterfly Garden</organizationName>
    <address>
        <country>AE</country>
    </address>
    <electronicMailAddress>johanruphus@hotmail.com</electronicMailAddress>
      </creator>
      <creator>
    <individualName>
        <givenName>Brigitte</givenName>
      <surName>Howarth</surName>
    </individualName>
    <organizationName>Zayed University, United Arab Emirates</organizationName>
    <address>
        <country>AE</country>
    </address>
    <electronicMailAddress>Brigitte.howarth@zu.ac.ae</electronicMailAddress>
      </creator>
      <creator>
    <individualName>
        <givenName>Sujatha</givenName>
      <surName>Varadharajulu</surName>
    </individualName>
    <organizationName>Environment Protection &amp; Development Authority - Ras Al Khaimah</organizationName>
    <address>
        <country>AE</country>
    </address>
    <electronicMailAddress>drsujatha@epda.rak.ae</electronicMailAddress>
      </creator>
      <creator>
    <individualName>
        <givenName>Waleed</givenName>
      <surName>Hamza</surName>
    </individualName>
    <organizationName>United Arab Emirates University</organizationName>
    <address>
        <country>AE</country>
    </address>
    <electronicMailAddress>w.hamza@uaeu.ac.ae</electronicMailAddress>
      </creator>
      <creator>
    <individualName>
        <givenName>Mohammad</givenName>
      <surName>Al-Oun</surName>
    </individualName>
    <organizationName>UAE Ministry of Climate Change and Environment</organizationName>
    <address>
        <country>AE</country>
    </address>
    <electronicMailAddress>mmaloun@moew.gov.ae</electronicMailAddress>
      </creator>
      <creator>
    <individualName>
        <givenName>Rashid</givenName>
      <surName>Al Shihi</surName>
    </individualName>
    <organizationName>UAE Ministry of Climate Change and Environment</organizationName>
    <address>
        <country>AE</country>
    </address>
    <electronicMailAddress>rmalshihi@moew.gov.ae</electronicMailAddress>
      </creator>
      <creator>
    <individualName>
        <givenName>Reza</givenName>
      <surName>Khan</surName>
    </individualName>
    <organizationName>Dubai Zoo/ Safari</organizationName>
    <address>
        <country>AE</country>
    </address>
    <electronicMailAddress>drrezakhan@gmail.com</electronicMailAddress>
      </creator>
      <creator>
    <individualName>
        <givenName>Salim</givenName>
      <surName>Javid</surName>
    </individualName>
    <organizationName>Environment Agency – Abu Dhabi (EAD)</organizationName>
    <address>
        <country>AE</country>
    </address>
    <electronicMailAddress>sjaved@ead.ae</electronicMailAddress>
      </creator>
      <creator>
    <individualName>
        <givenName>Taoufik</givenName>
      <surName>Ksiksi</surName>
    </individualName>
    <organizationName>United Arab Emirates University</organizationName>
    <address>
        <country>AE</country>
    </address>
    <electronicMailAddress>tksiksi@uaeu.ac.ae</electronicMailAddress>
      </creator>
      <creator>
    <individualName>
        <givenName>Esmat</givenName>
      <surName>Elhassan</surName>
    </individualName>
    <organizationName>Dubai Municipality</organizationName>
    <address>
        <country>AE</country>
    </address>
    <electronicMailAddress>EEMHASSAN@dm.gov.ae</electronicMailAddress>
      </creator>
      <creator>
    <individualName>
        <givenName>Fatmah</givenName>
      <surName>AlHantobi</surName>
    </individualName>
    <organizationName>Dibba Fuj. Municipality</organizationName>
    <address>
        <country>AE</country>
    </address>
    <electronicMailAddress>f.rahma@dibbamun.ae</electronicMailAddress>
      </creator>
      <creator>
    <individualName>
        <givenName>Gary R.</givenName>
      <surName>Feulner</surName>
    </individualName>
    <organizationName>Dubai Natural History Group</organizationName>
    <address>
        <country>AE</country>
    </address>
    <electronicMailAddress>grfeulner@gmail.com</electronicMailAddress>
      </creator>
      <creator>
    <individualName>
        <givenName>Hassina</givenName>
      <surName>Ali</surName>
    </individualName>
    <organizationName>UAE Ministry of Climate Change and Environment</organizationName>
    <address>
        <country>AE</country>
    </address>
    <electronicMailAddress>hachihi@moew.gov.ae</electronicMailAddress>
      </creator>
      <creator>
    <individualName>
        <givenName>Hector, H</givenName>
      <surName>Hernandez</surName>
    </individualName>
    <organizationName>Masdar Institute, Khalifa University of Science and Technology</organizationName>
    <address>
        <country>AE</country>
    </address>
    <electronicMailAddress>hhernandez@masdar.ac.ae</electronicMailAddress>
      </creator>
      <creator>
    <individualName>
        <givenName>Hiba</givenName>
      <surName>Al Shehhi</surName>
    </individualName>
    <organizationName>UAE Ministry of Climate Change and Environment</organizationName>
    <address>
        <country>AE</country>
    </address>
    <electronicMailAddress>hodarwish@moccae.gov.ae</electronicMailAddress>
      </creator>
      <creator>
    <individualName>
        <givenName>Jack</givenName>
      <surName>Judas</surName>
    </individualName>
    <organizationName>Emirates Wildlife Society World Wildlife Fund (EWS-WWF) - Abu Dhabi</organizationName>
    <address>
        <country>AE</country>
    </address>
    <electronicMailAddress>jjudas@ewswwf.ae</electronicMailAddress>
      </creator>
      <creator>
    <individualName>
        <givenName>Jaishinimol</givenName>
      <surName>Bhargavan</surName>
    </individualName>
    <organizationName>UAE Ministry of Climate Change and Environment</organizationName>
    <address>
        <country>AE</country>
    </address>
    <electronicMailAddress>jbharghavan@moew.gov.ae</electronicMailAddress>
      </creator>
      <creator>
    <individualName>
        <givenName>Johannes</givenName>
      <surName>Els</surName>
    </individualName>
    <organizationName>Breeding Centre for Endangered Arabian Wildlife (BCEAW)</organizationName>
    <address>
        <country>AE</country>
    </address>
    <electronicMailAddress>johannes.els@bceaw.ae</electronicMailAddress>
      </creator>
      <creator>
    <individualName>
        <givenName>John</givenName>
      <surName>Burt</surName>
    </individualName>
    <organizationName>NYU Abu Dhabi University &amp; College in UAE, New York University</organizationName>
    <address>
        <country>AE</country>
    </address>
    <electronicMailAddress>John.Burt@nyu.edu</electronicMailAddress>
      </creator>
      <creator>
    <individualName>
        <givenName>Khalfan</givenName>
      <surName>Al Suwaidi</surName>
    </individualName>
    <organizationName>Environment Agency – Abu Dhabi (EAD)</organizationName>
    <address>
        <country>AE</country>
    </address>
    <electronicMailAddress>ksuwaidi@ead.ae</electronicMailAddress>
      </creator>
      <creator>
    <individualName>
        <givenName>Lisa</givenName>
      <surName>Hebbelmann</surName>
    </individualName>
    <organizationName>The Environment and Protected Areas Authority in Sharjah (EPAA)</organizationName>
    <address>
        <country>AE</country>
    </address>
    <electronicMailAddress>lisaepaa@gmail.com</electronicMailAddress>
      </creator>
      <creator>
    <individualName>
        <givenName>Maher</givenName>
      <surName>Kabshawi</surName>
    </individualName>
    <organizationName>Environment Agency – Abu Dhabi (EAD)</organizationName>
    <address>
        <country>AE</country>
    </address>
    <electronicMailAddress>mkabshawi@ead.ae</electronicMailAddress>
      </creator>
      <creator>
    <individualName>
        <givenName>Manya</givenName>
      <surName>Russo</surName>
    </individualName>
    <organizationName>Emirates Wildlife Society World Wildlife Fund (EWS-WWF) - Abu Dhabi</organizationName>
    <address>
        <country>AE</country>
    </address>
    <electronicMailAddress>MRusso@ewswwf.ae</electronicMailAddress>
      </creator>
      <creator>
    <individualName>
        <givenName>Mohamed</givenName>
      <surName>Shahid</surName>
    </individualName>
    <organizationName>International Center for Biosaline Agriculture - ICBA</organizationName>
    <address>
        <country>AE</country>
    </address>
    <electronicMailAddress>m.shahid@bios.com</electronicMailAddress>
      </creator>
      <creator>
    <individualName>
        <givenName>Mohammed</givenName>
      <surName>Abdulrahman</surName>
    </individualName>
    <organizationName>Dubai Municipality</organizationName>
    <address>
        <country>AE</country>
    </address>
    <electronicMailAddress>marabdulla@dm.gov.ae</electronicMailAddress>
      </creator>
      <creator>
    <individualName>
        <givenName>Mohammed</givenName>
      <surName>Al Faqeer</surName>
    </individualName>
    <organizationName>Al Ain Zoo</organizationName>
    <address>
        <country>AE</country>
    </address>
    <electronicMailAddress>mohammed.alfaqeer@alainzoo.ae</electronicMailAddress>
      </creator>
      <creator>
    <individualName>
        <givenName>Mohammed</givenName>
      <surName>Aloun</surName>
    </individualName>
    <organizationName>UAE Ministry of Climate Change and Environment</organizationName>
    <address>
        <country>AE</country>
    </address>
    <electronicMailAddress>mmaloun@moew.gov.ae</electronicMailAddress>
      </creator>
      <creator>
    <individualName>
        <givenName>Moza</givenName>
      <surName>Al Kharji</surName>
    </individualName>
    <organizationName>UAE Ministry of Climate Change and Environment</organizationName>
    <address>
        <country>AE</country>
    </address>
    <electronicMailAddress>mkalkharji@moccae.gov.ae</electronicMailAddress>
      </creator>
      <creator>
    <individualName>
        <givenName>Muna</givenName>
      <surName>Al Muhairi</surName>
    </individualName>
    <organizationName>UAE Ministry of Climate Change and Environment</organizationName>
    <address>
        <country>AE</country>
    </address>
    <electronicMailAddress>moalmuhairi@moccae.gov.ae</electronicMailAddress>
      </creator>
      <creator>
    <individualName>
        <givenName>Muna</givenName>
      <surName>Al Shamsi</surName>
    </individualName>
    <organizationName>UAE Ministry of Climate Change and Environment</organizationName>
    <address>
        <country>AE</country>
    </address>
    <electronicMailAddress>moalshamisi@moccae.gov.ae</electronicMailAddress>
      </creator>
      <creator>
    <individualName>
        <givenName>Nahla</givenName>
      <surName>Noobi</surName>
    </individualName>
    <organizationName>UAE Ministry of Climate Change and Environment</organizationName>
    <address>
        <country>AE</country>
    </address>
    <electronicMailAddress>nanoobi@moccae.gov.ae</electronicMailAddress>
      </creator>
      <creator>
    <individualName>
        <givenName>Nasser</givenName>
      <surName>Hawamdeh</surName>
    </individualName>
    <organizationName>UAE Ministry of Climate Change and Environment</organizationName>
    <address>
        <country>AE</country>
    </address>
    <electronicMailAddress>nehawamdeh@moccae.gov.ae</electronicMailAddress>
      </creator>
      <creator>
    <individualName>
        <givenName>Obaid</givenName>
      <surName>Al Shamsi</surName>
    </individualName>
    <organizationName>UAE Ministry of Climate Change and Environment</organizationName>
    <address>
        <country>AE</country>
    </address>
    <electronicMailAddress>oaalshamsi@moccae.gov.ae</electronicMailAddress>
      </creator>
      <creator>
    <individualName>
        <givenName>Pritpal</givenName>
      <surName>Soorae</surName>
    </individualName>
    <organizationName>Environment Agency – Abu Dhabi (EAD)</organizationName>
    <address>
        <country>AE</country>
    </address>
    <electronicMailAddress>psoorae@ead.ae</electronicMailAddress>
      </creator>
      <creator>
    <individualName>
        <givenName>Saif</givenName>
      <surName>Al Qayadi</surName>
    </individualName>
    <organizationName>United Arab Emirates University</organizationName>
    <address>
        <country>AE</country>
    </address>
    <electronicMailAddress>Alqaydi@uaeu.ac.ae</electronicMailAddress>
      </creator>
      <creator>
    <individualName>
        <givenName>Rashed</givenName>
      <surName>Al Zaabi</surName>
    </individualName>
    <organizationName>Environment Agency – Abu Dhabi (EAD)</organizationName>
    <address>
        <country>AE</country>
    </address>
    <electronicMailAddress>rashed.alzaabi@ead.ae</electronicMailAddress>
      </creator>
      <creator>
    <individualName>
        <givenName>Reem</givenName>
      <surName>Al Muhairi</surName>
    </individualName>
    <organizationName>UAE Ministry of Climate Change and Environment</organizationName>
    <address>
        <country>AE</country>
    </address>
    <electronicMailAddress>raalmheiri@moccae.gov.ae</electronicMailAddress>
      </creator>
      <creator>
    <individualName>
        <givenName>Saeed</givenName>
      <surName>Al Awaash</surName>
    </individualName>
    <organizationName>UAE Ministry of Climate Change and Environment</organizationName>
    <address>
        <country>AE</country>
    </address>
    <electronicMailAddress>saalawaash@moew.gov.ae</electronicMailAddress>
      </creator>
      <creator>
    <individualName>
        <givenName>Sami</givenName>
      <surName>Bakheet</surName>
    </individualName>
    <organizationName>UAE Ministry of Climate Change and Environment</organizationName>
    <address>
        <country>AE</country>
    </address>
    <electronicMailAddress>sabakheet@moew.gov.ae</electronicMailAddress>
      </creator>
      <creator>
    <individualName>
        <givenName>Sara</givenName>
      <surName>Al Falasi</surName>
    </individualName>
    <organizationName>UAE Ministry of Climate Change and Environment</organizationName>
    <address>
        <country>AE</country>
    </address>
    <electronicMailAddress>srsalem@moccae.gov.ae</electronicMailAddress>
      </creator>
      <creator>
    <individualName>
        <givenName>Saud</givenName>
      <surName>Shohail</surName>
    </individualName>
    <organizationName>The Environment and Protected Areas Authority in Sharjah (EPAA)</organizationName>
    <address>
        <country>AE</country>
    </address>
    <electronicMailAddress>sshuhail@hotmail.com</electronicMailAddress>
      </creator>
      <creator>
    <individualName>
        <givenName>Shaikha</givenName>
      <surName>Ghanem</surName>
    </individualName>
    <organizationName>UAE Ministry of Climate Change and Environment</organizationName>
    <address>
        <country>AE</country>
    </address>
    <electronicMailAddress>sghadi@moccae.gov.ae</electronicMailAddress>
      </creator>
      <creator>
    <individualName>
        <givenName>Valerie</givenName>
      <surName>Chalmers</surName>
    </individualName>
    <organizationName>Dubai Natural History Group</organizationName>
    <address>
        <country>AE</country>
    </address>
    <electronicMailAddress>valeriechalmers@gmail.com</electronicMailAddress>
      </creator>
      <creator>
    <individualName>
        <givenName>Lian Jenna</givenName>
      <surName>Wong</surName>
    </individualName>
    <organizationName>Biodiversity Data Management Ltd</organizationName>
    <positionName>Research Assistant</positionName>
    <address>
        <country>NZ</country>
    </address>
    <electronicMailAddress>biodivdatamgt@gmail.com</electronicMailAddress>
      </creator>
      <creator>
    <individualName>
        <givenName>Shyama</givenName>
      <surName>Pagad</surName>
    </individualName>
    <organizationName>IUCN SSC Invasive Species Specialist Group (ISSG)</organizationName>
    <positionName>Programme Officer</positionName>
    <address>
        <country>NZ</country>
    </address>
    <electronicMailAddress>s.pagad@auckland.ac.nz</electronicMailAddress>
      </creator>
      <metadataProvider>
    <individualName>
        <givenName>Shyama</givenName>
      <surName>Pagad</surName>
    </individualName>
    <organizationName>IUCN SSC Invasive Species Specialist Group (ISSG)</organizationName>
    <positionName>Programme Officer</positionName>
    <address>
        <country>NZ</country>
    </address>
    <electronicMailAddress>s.pagad@auckland.ac.nz</electronicMailAddress>
      </metadataProvider>
      <associatedParty>
    <individualName>
        <givenName>Shyama</givenName>
      <surName>Pagad</surName>
    </individualName>
    <organizationName>IUCN SSC Invasive Species Specialist Group (ISSG)</organizationName>
    <positionName>Programme Officer</positionName>
    <address>
        <country>NZ</country>
    </address>
    <electronicMailAddress>s.pagad@auckland.ac.nz</electronicMailAddress>
    <role>author</role>
      </associatedParty>
  <pubDate>
      2020-10-21
  </pubDate>
  <language>eng</language>
  <abstract>
    <para>The Global Register of Introduced and Invasive Species (GRIIS) presents validated and verified national checklists of introduced (alien) and invasive alien species at the country, territory, and associated island level. 

Checklists are living entities, especially for biological invasions given the growing nature of the problem. GRIIS checklists are based on a published methodology and supported by the Integrated Publishing Tool that jointly enable ongoing improvements and updates to expand their taxonomic coverage and completeness. 

Phase 1 of the project focused on developing validated and verified checklists of countries that are Party to the Convention on Biological Diversity (CBD). Phase 2 aimed to achieve global coverage including non-party countries and all overseas territories of countries, e.g. those of the Netherlands, France, and the United Kingdom. 

All kingdoms of organisms occurring in all environments and systems are covered.

Checklists are reviewed and verified by networks of country or species experts. Verified checklists/ species records, as well as those under review, are presented on the online GRIIS website (www.griis.org) in addition to being published through the GBIF Integrated Publishing Tool.</para>
  </abstract>
      <keywordSet>
            <keyword>Checklist</keyword>
        <keywordThesaurus>GBIF Dataset Type Vocabulary: http://rs.gbif.org/vocabulary/gbif/dataset_type.xml</keywordThesaurus>
      </keywordSet>
      <keywordSet>
            <keyword>Inventorythematic</keyword>
        <keywordThesaurus>GBIF Dataset Subtype Vocabulary: http://rs.gbif.org/vocabulary/gbif/dataset_subtype.xml</keywordThesaurus>
      </keywordSet>
      <keywordSet>
            <keyword>Alien</keyword>
        <keywordThesaurus>n/a</keywordThesaurus>
      </keywordSet>
      <keywordSet>
            <keyword>Invasive</keyword>
        <keywordThesaurus>n/a</keywordThesaurus>
      </keywordSet>
      <keywordSet>
            <keyword>Validated and Verified</keyword>
        <keywordThesaurus>n/a</keywordThesaurus>
      </keywordSet>
      <keywordSet>
            <keyword>country_AE</keyword>
        <keywordThesaurus>n/a</keywordThesaurus>
      </keywordSet>
      <keywordSet>
            <keyword>Checklist</keyword>
        <keywordThesaurus>GBIF Dataset Type Vocabulary: http://rs.gbif.org/vocabulary/gbif/dataset_type_2015-07-10.xml</keywordThesaurus>
      </keywordSet>
  <intellectualRights>
    <para>This work is licensed under a <ulink url="http://creativecommons.org/licenses/by/4.0/legalcode"><citetitle>Creative Commons Attribution (CC-BY) 4.0 License</citetitle></ulink>.</para>
  </intellectualRights>
  <distribution scope="document">
    <online>
      <url function="information">http://griis.org/</url>
    </online>
  </distribution>
  <coverage>
      <geographicCoverage>
          <geographicDescription>United Arab Emirates including the constituent emirates of Abu Dhabi (which serves as the capital), Ajman, Dubai, Fujairah, Ras al-Khaimah, Sharjah and Umm al-Quwain</geographicDescription>
        <boundingCoordinates>
          <westBoundingCoordinate>50.479</westBoundingCoordinate>
          <eastBoundingCoordinate>59.398</eastBoundingCoordinate>
          <northBoundingCoordinate>26.482</northBoundingCoordinate>
          <southBoundingCoordinate>21.499</southBoundingCoordinate>
        </boundingCoordinates>
      </geographicCoverage>
          <taxonomicCoverage>
              <generalTaxonomicCoverage>Animalia, Bacteria, Chromista, Fungi, Plantae, Protozoa, Viruses</generalTaxonomicCoverage>
              <taxonomicClassification>
                  <taxonRankName>kingdom</taxonRankName>
                <taxonRankValue>Animalia</taxonRankValue>
              </taxonomicClassification>
              <taxonomicClassification>
                  <taxonRankName>kingdom</taxonRankName>
                <taxonRankValue>Bacteria</taxonRankValue>
              </taxonomicClassification>
              <taxonomicClassification>
                  <taxonRankName>kingdom</taxonRankName>
                <taxonRankValue>Chromista</taxonRankValue>
              </taxonomicClassification>
              <taxonomicClassification>
                  <taxonRankName>kingdom</taxonRankName>
                <taxonRankValue>Fungi</taxonRankValue>
              </taxonomicClassification>
              <taxonomicClassification>
                  <taxonRankName>kingdom</taxonRankName>
                <taxonRankValue>Plantae</taxonRankValue>
              </taxonomicClassification>
              <taxonomicClassification>
                  <taxonRankName>kingdom</taxonRankName>
                <taxonRankValue>Protozoa</taxonRankValue>
              </taxonomicClassification>
              <taxonomicClassification>
                  <taxonRankName>kingdom</taxonRankName>
                <taxonRankValue>Viruses</taxonRankValue>
              </taxonomicClassification>
          </taxonomicCoverage>
  </coverage>
  <purpose>
    <para>The resource will be a support to countries to make progress to achieve Aichi Biodiversity Target 9 -in the development of their National Biodiversity Strategy and Action Plans, their National Invasive Alien Species Strategy and Action Plan, target setting and monitoring.</para>
  </purpose>
  <maintenance>
    <description>
      <para>Updates with any new data and any revisions of existing data will be made on a biannual basis</para>
    </description>
    <maintenanceUpdateFrequency>otherMaintenancePeriod</maintenanceUpdateFrequency>
  </maintenance>

      <contact>
    <individualName>
        <givenName>Shyama</givenName>
      <surName>Pagad</surName>
    </individualName>
    <organizationName>IUCN SSC Invasive Species Specialist Group (ISSG)</organizationName>
    <positionName>Programme Officer</positionName>
    <address>
        <country>NZ</country>
    </address>
    <electronicMailAddress>s.pagad@auckland.ac.nz</electronicMailAddress>
      </contact>
  <methods>
        <methodStep>
          <description>
            <para>Data collation and categorization
Data filtering and categorization/ classification 
Taxonomic harmonization and normalization
Data validation
Data verification</para>
          </description>
        </methodStep>
        <methodStep>
          <description>
            <para>The published methods underpinning GRIIS and each checklist are described in Pagad et al 2018.</para>
          </description>
        </methodStep>
      <sampling>
        <studyExtent>
          <description>
            <para>The geographic focus of this checklist is the United Arab Emirates (UAE)</para>
          </description>
        </studyExtent>
        <samplingDescription>
          <para>This annotated checklist is focused on introduced (alien) and invasive species that are known to occur in the United Arab Emirates (UAE)

The International Union for Conservation of Nature, (IUCN) describes an Introduced/ Alien and Invasive alien species as follows:  

An Introduced or Alien species means a species, subspecies, or lower taxon occurring outside of its natural range (past or present) and dispersal potential (i.e. outside the range it occupies naturally or could not occupy without direct or indirect introduction or care by humans) and includes any part, gametes or propagule of such species that might survive and subsequently reproduce. 

An Invasive Alien Species is an alien species which becomes established in natural or semi-natural ecosystems or habitat, is an agent of change, and threatens native biological diversity.

In GRIIS, species are recorded as having an impact (as &apos;yes&apos; under &apos;isInvasive&apos;) if there is evidence of the species negatively impacting biodiversity, and including species that are widespread, spreading rapidly or present in high abundance (Pagad et al. 2018). This usage is relevant to the purpose of GRIIS, and consistent with the concept of impact as formulated by Parker et al. (1999) and now widely used (e.g. Didham et al. 2005, Strayer et al. 2006, McGeoch et al. 2010, 2012, Vila et al. 2011), where impact is a function not only of the per capita effect of an individual organism, but is a combined function of the effect, abundance and range size of a species. Impact can of course be defined in different ways, driven by different objectives, such as its usage in EICAT where it is defined as a measurable change to the properties of an ecosystem caused by an alien taxon (Hawkins et al. 2015).</para>
        </samplingDescription>
      </sampling>
      <qualityControl>
        <description>
          <para>The draft checklist is compiled by collating data and information through a comprehensive literature overview. Additional steps implemented to control the quality of the data are described below.

Taxonomic harmonization and normalization using the GBIF taxonomic backbone
To harmonize all species names across countries, species lists are subjected to a normalization process in which taxon rank and taxonomic status are identified and assigned. Spelling and other errors in assigning species authorship are also corrected.

Data validation
The Project Personnel complete a review and validate all the annotations, especially those on provenance and &apos;invasive&apos; status of the species based on evidence of impact.

Data verification
The checklist is submitted to a network of country editors for a review of both accuracy of records, annotations, and identification of any significant gaps in the data. Data verification is an iterative process and the activity for a particular version is declared complete on agreement of all relevant country editors (see versioning details below).

One of the key tenets of the GRIIS project has been engagement with country editors in the verification process and as custodians of country checklists. While this has been possible in the majority of countries, for a small number of countries this engagement process has not succeeded in delivering a verified checklist. In these cases, the GRIIS Project Personnel have completed the validation of the species records but continue to work towards identifying country experts.</para>
        </description>
      </qualityControl>
  </methods>
  <project id="GRIIS">
    <title>Global Register of Introduced and Invasive Species GRIIS</title>
      <personnel>
        <individualName>
            <givenName>Shyama</givenName>
          <surName>Pagad</surName>
        </individualName>
        <role>editor</role>
      </personnel>
      <personnel>
        <individualName>
            <givenName>Lucilla</givenName>
          <surName>Carnevalli</surName>
        </individualName>
        <role>editor</role>
      </personnel>
      <abstract>
        <para>The Global Register of Introduced and Invasive Species (GRIIS) presents validated and verified checklists of introduced (alien) and invasive alien species at the country, territory level.  The development of the GRIIS resource is an initiative supported by the Secretariat of the Convention on Biological Diversity (CBD) and was originally implemented within the framework of the Global Invasive Alien Species Information Partnership (GIASIPartnership). The IUCN SSC Invasive Species Specialist Group (ISSG) is the project lead and includes a dedicated GRIIS unit. 

The resource is designed to support national governments to make progress to achieve invasive alien species targets under the Convention on Biological Diversity and the Sustainable Development Goals; especially in the development of their National Biodiversity Strategy and Action Plans, their National Invasive Alien Species Strategy and Action Plan (NIASAP), target setting and monitoring.</para>
      </abstract>
      <funding>
        <para>The GRIIS initiative was developed within the framework of the GIASIPartnership, with co-funding from the European Union through the Secretariat of the Convention on Biological Diversity. As coordinator of GIASIP, and on behalf of CBD Secretariat, GBIF has supported the development of GRIIS and its integration into the GBIF data infrastructure to ensure interoperability. In July 2019, GBIF provided direct funding from its core budget to support the completion of GRIIS lists for all countries, EU Overseas Territories and selected islands by March 2020.</para>
      </funding>
      <studyAreaDescription>
        <descriptor name="generic"
                    citableClassificationSystem="false">
          <descriptorValue>GRIIS has global coverage, including overseas territories and regions. Where appropriate, sub-lists have been created for Oceanic Islands- for e.g. Soqotra of Yemen and the Juan Fernandez Islands of Chile. 

Taxonomic coverage includes all kingdoms of organisms: Animalia, Bacteria, Chromista, Fungi, Plantae, Protozoa, Viruses.

The annotations recorded in GRIIS include- Species name and authorship, synonyms if used and authorship, Higher taxonomy (kingdom, phylum, class, order and family), Environment/system in which the species occurs (terrestrial, freshwater, brackish, marine, host), provenance or origin of the species, invasive status of the alien species. The inclusion of additional annotations are planned, including the date of introduction or first record of the alien species, type of introduction (deliberate or accidental), pathways of introduction, impact mechanism and the global EICAT (Environmental Impact Classification of Alien Taxa) category assigned to the species.</descriptorValue>
        </descriptor>
      </studyAreaDescription>
      <designDescription>
        <description>
          <para>The Global Register of Invasive Species (GRIS) was developed as a concept and prototype by the ISSG in 2006 as part of a project undertaken for the Defenders of Wildlife on the Regulation of Live Animal Imports into the United States. 

Between 2011-2020, the concept was revisited and expanded by the ISSG to address Aichi Biodiversity Target 9 and support its achievement - with the development of the Global Register of Introduced and Invasive Species (GRIIS). GRIIS hosted by the ISSG compiles annotated and verified national checklists of introduced (alien) and invasive alien species. Development and population of the GRIIS was undertaken by the ISSG within the framework of activities of the Information Synthesis and Assessment Working Group of the Global Invasive Alien Species Information Partnership.

The GRIIS checklist is an annotated species catalogue, or inventory, recorded from a country, an island, protected area, or area of high biodiversity value. Following GBIF&apos;s guide to best practices for publishing species checklists (Hanmer et al 2012), the GRIIS checklist includes taxonomic information in a standard way. The checklist is compiled by a team of experts and non-specialists including citizen scientists that have knowledge of species taxonomy, access to reliable and authoritative source information that can be validated and verified (for methods please see Pagad et al. 2018).  

A summary of the process
•	The ISSG GRIIS unit conducts a comprehensive review of authoritative and credible information sources and develops a draft annotated country checklist of introduced (alien) and invasive alien species. 
•	Annotations include species name (accepted name and synonym if used by the source), higher taxonomy, environment/system in which the species occurs, biological status (provenance (alien or not) and invasiveness-based on evidence of impact), 
•	Country editor/editors are identified and consulted for advice, including knowledge of additional key data sources 
•	Draft checklists are submitted to country editors for a review of both accuracy of information and to identify any significant gaps. Revisions are implemented based on feedback. 
•	Every species record includes a check (indication) if the status has been verified as such by country editors. In cases where ‘evidence of impact’ information is gathered from peer-reviewed literature or reports for the country in question, the species status is designated as &apos;verified&apos;.
•	Names of the editors as well as the complete reference list of sources consulted is recorded.  Key references used to develop the GRIIS checklists are provided as part of the metadata. References for every species recorded are available on request.
•	Incremental updates are implemented on an on-going basis. Bi-annual major updates are planned for all checklists. 

Notes on the annotations
•	Species names recorded from source information are referred to the GBIF taxonomic editor; if the source species name is a synonym, the accepted name is also recorded. This process contributes to the application of  a consistent taxonomy across all inventories. 
•	Higher taxonomy - Kingdom, Phylum, Class, Order, Genus and Species with species authority. 
•	Environment system – terrestrial / freshwater / brackish / marine/ host and combinations thereof
•	Provenance - a) as recorded by the source information, b) as interpreted by the compiler - three options are applied alien, native/alien (if the species is native in a part of a country and alien in another part), provenance uncertain/cryptogenic 
•	Invasiveness is based on evidence of impact

Note: In cases where country editors have not been identified, the checklist is published after the GRIIS unit validates the checklist. The GRIIS team members are listed as originators of the checklist. The checklist is reviewed by country editors once they have been identified and the expert’s names are listed as originators of the checklist.</para>
        </description>
      </designDescription>
  </project>
</dataset>
  <additionalMetadata>
    <metadata>
      <gbif>
          <dateStamp>2017-08-06T22:17:13.663+00:00</dateStamp>
          <hierarchyLevel>dataset</hierarchyLevel>
            <citation identifier="http://doi.org/10.15468/ig826c">Al Ali A, Al Hashmi A, Nejatian A, Roobas B, Howarth B, Varadharajulu S, Hamza W, Al-Oun M, Al Shihi R, Khan R, Javid S, Ksiksi T, Elhassan E, AlHantobi F, Feulner G R, Ali H, Hernandez H H, Al Shehhi H, Judas J, Bhargavan J, Els J, Burt J, Al Suwaidi K, Hebbelmann L, Kabshawi M, Russo M, Shahid M, Abdulrahman M, Al Faqeer M, Aloun M, Al Kharji M, Al Muhairi M, Al Shamsi M, Noobi N, Hawamdeh N, Al Shamsi O, Soorae P, Al Qayadi S, Al Zaabi R, Al Muhairi R, Al Awaash S, Bakheet S, Al Falasi S, Shohail S, Ghanem S, Chalmers V, Wong L J, Pagad S (2020): Global Register of Introduced and Invasive Species - United Arab Emirates. v2.9. Invasive Species Specialist Group ISSG. Dataset/Checklist. http://doi.org/10.15468/ig826c</citation>
          <bibliography>
                <citation>Hamer, M., Victor, J., Smith, G.F. (2012). Best Practice Guide for Compiling, Maintaining and Disseminating National Species Checklists, version 1.0, released in October 2012. Copenhagen: Global Biodiversity Information Facility, 40 pp, ISBN: 87-92020-48-8, Accessible at http://www.gbif.org/orc/?doc_id=4752. </citation>
                <citation>Pagad S, Genovesi P, Carnevali L, Schigel D, McGeoch MA (2018) Introducing the Global Register of Introduced and Invasive Species. Scientific Data, 5, 170202.
https://www.nature.com/articles/sdata2017202</citation>
                <citation>Parker I, Simberloff D, Lonsdale W. et al. (1999) Impact: Toward a Framework for Understanding the Ecological Effects of Invaders. Biological Invasions 1, 3–19 (1999). https://doi.org/10.1023/A:1010034312781</citation>
                <citation>Didham RK, Tylianakis JM, Hutchison MA, Ewers RM, Gemmell NJ. (2005) Are invasive species the drivers of ecological change? Trends Ecol Evol. 2005 Sep;20(9):470-4. Epub 2005 Jul 21.</citation>
                <citation>Strayer DL, Eviner VT, Jeschke JM, Pace ML. (2006) Understanding the long-term effects of species invasions. Trends in Ecology &amp; Evolution 21(11):645-51</citation>
                <citation>McGeoch MA, Butchart SHM, Spear D, Marais E. Kleynhans EJ, Symes A, Chanson J, Hoffmann M. (2010) Global indicators of biological invasion: species numbers, biodiversity impact and policy responses. Diversity and Distributions Volume16, Issue1 January 2010.</citation>
                <citation>McGeoch, M.A., Spear, D., Kleynhans, E.J. &amp; Marais, E. 2012. Uncertainty in invasive alien species listing. Ecological Applications 22, 959-971. 10.1890/11-1252.1</citation>
                <citation>Vilà M, Espinar JL, Hejda M, Hulme PE, Jarošík V, Maron JL, Pergl J, Schaffner U, Sun Y, Pyšek P. (2011) Ecological impacts of invasive alien plants: a meta‐analysis of their effects on species, communities and ecosystems. Ecology Letters Volume14, Issue7 July 2011 Pages 702-708</citation>
                <citation>Hawkins CL, Bacher S, Essl F, Hulme PE, Jeschke JM, Kühn I, Kumschick S, Nentwig W, Pergl J, Pyšek P, Rabitsch W, Richardson DM, Vilà  M, Wilson JRU, Genovesi P, Blackburn TM. (2015) Framework and guidelines for implementing the proposed IUCN Environmental Impact Classification for Alien Taxa (EICAT) Diversity and Distributions Volume21, Issue11 November 2015 Pages 1360-1363</citation>
                <citation>Collingwood, C. A., et al. (2011). &quot;Order hymenoptera, family Formicidae.&quot; Arthropod Fauna of the UAE 4: 405-474.</citation>
                <citation>Collingwood, C. A., et al. (1997). &quot;Introduced ants in the United Arab Emirates.&quot; Journal of Arid Environments 37(3): 505-512.</citation>
                <citation>El-Keblawy, A. and M. A. Abdelfatah (2014). &quot;Impacts of native and invasive exotic Prosopis congeners on soil properties and associated flora in the arid United Arab Emirates.&quot; Journal of Arid Environments 100: 1-8.</citation>
                <citation>El-Keblawy, A. and A. Al-Rawai (2007). &quot;Impacts of the invasive exotic Prosopis juliflora (Sw.) DC on the native flora and soils of the UAE.&quot; Plant Ecology 190(1): 23-35.</citation>
                <citation>Gairola, S., et al. (2016). &quot;A note on the current distribution of Nicotiana plumbaginifolia (Solanaceae) in the United Arab Emirates.&quot; National Academy Science Letters 39(6): 461-464.</citation>
                <citation>Gairola, S., et al. (2015). &quot;Sphaeralcea bonariensis (Malvaceae): A newly recorded introduced species in the flora of the United Arab Emirates.&quot; Phytotaxa 213(2): 151-154.</citation>
                <citation>Hellyer, P and Aspinall, S. (2005) The Emirates- A Natural History- Wildlife of the United Arab Emirates</citation>
                <citation>Mahmoud, T., et al. (2015). &quot;Parthenium hysterophorus and Bidens pilosa, two new records to the invasive weed flora of the United Arab Emirates.&quot; Journal on New Biological Reports 4(1): 26-32.</citation>
                <citation>Mahmoud, T., et al. (2016). &quot;Contribution to the flora of United Arab Emirates: Glinus lotoidesL.(Molluginaceae) and Senna occidentalisL.(Fabaceae) two new records.&quot;</citation>
                <citation>Murphy, S. and B. Briscoe (1999). &quot;The red palm weevil as an alien invasive: biology and the prospects for biological control as a component of IPM.&quot; Biocontrol news and information 20: 35N-46N.</citation>
                <citation>Pedersen, T. and S. Aspinall (2010). EBRC annotated checklist of the birds of the United Arab Emirates, Ornithological Society of the Middle East, the Caucasus and Central Asia.</citation>
                <citation>Shahid, M. and N. Rao (2014). &quot;Datura ferox and Oldenlandia corymbosa: New record to the UAE flora.&quot; J. New Biol. Rep 3: 170-174.</citation>
                <citation>Shahid, M. (2014). &quot;New records for two alien Asteraceae species in the United Arab Emirates.&quot; J. New Biol. Rep 3: 115-119.</citation>
                <citation>Shahid, M. and N. Rao (2015). &quot;First record of the two Asteraceae species from the United Arab Emirates.&quot; J New Biol Rep 4: 215-218.</citation>
                <citation>Shahid, M. and N. Rao (2015). &quot;New records of eight plant species in the United Arab Emirates.&quot; Tribulus 23: 122.</citation>
                <citation>Shahid, M. and N. Rao (2016). &quot;New flowering plant species records for the United Arab Emirates.&quot; Tribulus 24: 131-136.</citation>
                <citation>Shahid, M. and N. Rao (2016). &quot;Three new Malvaceae species to the flora of the United Arab Emirates.&quot; Int. J. Biodivers. Spp. Res 1: 39-44.</citation>
                <citation>Sharaf, M.; Agosti, D.	(2015) AntWeb: Ants of United Arab Emirates</citation>
                <citation>Soorae, P., et al. (2015). &quot;Alien species recorded in the United Arab Emirates: an initial list of terrestrial and freshwater species.&quot; Journal of Threatened Taxa 7(12): 7910-7921.</citation>
                <citation>Soorae, P. S., et al. (2010). &quot;An overview and checklist of the native and alien herpetofauna of the United Arab Emirates.&quot; Herpetological Conservation and Biology 5(3): 529-536.</citation>
                <citation>Tourenq, C. and M. K. Shuriqi (2010). &quot;Snapshot on introduced invasives in a desertic country, the United Arab Emirates.&quot; Aliens 30: 49-51.</citation>
                <citation>Yésou, P. and P. Clergeau (2005). &quot;Sacred Ibis: a new invasive species in Europe.&quot; Birding World 18(12): 517-526.</citation>
          </bibliography>
          <dc:replaces>69c3d481-f867-4e34-a068-dcd79213b4b9/v2.9.xml</dc:replaces>
      </gbif>
    </metadata>
  </additionalMetadata>
</eml:eml>
