    <eml:eml xmlns:eml="eml://ecoinformatics.org/eml-2.1.1"
             xmlns:dc="http://purl.org/dc/terms/"
             xmlns:xsi="http://www.w3.org/2001/XMLSchema-instance"
             xsi:schemaLocation="eml://ecoinformatics.org/eml-2.1.1 http://rs.gbif.org/schema/eml-gbif-profile/1.2/eml.xsd"
             packageId="bbab5788-88ba-4eb7-b7f9-3e103303d5bb/v2.12" system="http://gbif.org" scope="system"
    xml:lang="eng">

        <dataset>
                <alternateIdentifier>doi:10.15468/o9c2lu</alternateIdentifier>
                <alternateIdentifier>bbab5788-88ba-4eb7-b7f9-3e103303d5bb</alternateIdentifier>
                <alternateIdentifier>https://cloud.gbif.org/griis/resource?r=juan-fernandez-islands-chile-griis</alternateIdentifier>
                <title xml:lang="eng">Global Register of Introduced and Invasive Species - Juan Fernandez Islands, Chile</title>
                    <creator>
            <individualName>
                    <givenName>Aníbal</givenName>
                <surName>Pauchard</surName>
            </individualName>
            <organizationName>Laboratorio de Invasiones Biológicas (LIB) www.lib.udec.cl Facultad de Ciencias Forestales Universidad de Concepción</organizationName>
            <address>
                    <country>CL</country>
            </address>
            <electronicMailAddress>pauchard@udec.cl</electronicMailAddress>
                    </creator>
                    <creator>
            <individualName>
                    <givenName>Paulina</givenName>
                <surName>Sanchez</surName>
            </individualName>
            <organizationName>Laboratorio de Invasiones Biológicas (LIB) www.lib.udec.cl Facultad de Ciencias Forestales Universidad de Concepción</organizationName>
            <address>
                    <country>CL</country>
            </address>
            <electronicMailAddress>paulinasg.lib@gmail.com</electronicMailAddress>
                    </creator>
                    <creator>
            <individualName>
                    <givenName>Dennis</givenName>
                <surName>Aldridge</surName>
            </individualName>
            <organizationName>Jefe Dpto. Areas Silvestres Protegidas,  Corporación Nacional Forestal, Dirección Regional de Aysén</organizationName>
            <address>
                    <country>CL</country>
            </address>
            <electronicMailAddress>dennis.aldridge@conaf.cl</electronicMailAddress>
                    </creator>
                    <creator>
            <individualName>
                    <givenName>G. M.</givenName>
                <surName>Díaz</surName>
            </individualName>
            <organizationName>Analista Departamento Conservación de la Diversidad Biológica Corporación Nacional Forestal</organizationName>
            <address>
                    <country>CL</country>
            </address>
            <electronicMailAddress>miguel.diaz@conaf.cl</electronicMailAddress>
                    </creator>
                    <creator>
            <individualName>
                    <givenName>Nicolos</givenName>
                <surName>Soto Volkart</surName>
            </individualName>
            <organizationName>Encargado Regional Protección, Recursos Naturales Renovables, Magallanes y Antártica Chilena</organizationName>
            <address>
                    <country>CL</country>
            </address>
            <electronicMailAddress>nicolas.soto@sag.gob.cl</electronicMailAddress>
                    </creator>
                    <creator>
            <individualName>
                    <givenName>Oscar</givenName>
                <surName>Skewes</surName>
            </individualName>
            <organizationName>Facultad de Ciencias Veterinarias Universidad de Concepción</organizationName>
            <positionName>Profesor Asociado</positionName>
            <address>
                    <country>CL</country>
            </address>
            <electronicMailAddress>oskewes@udec.cl</electronicMailAddress>
                    </creator>
                    <creator>
            <individualName>
                    <givenName>Lian Jenna</givenName>
                <surName>Wong</surName>
            </individualName>
            <organizationName>Biodiversity Data Management Ltd.</organizationName>
            <positionName>Research Assistant</positionName>
            <address>
                    <country>NZ</country>
            </address>
            <electronicMailAddress>eleusia@gmail.com</electronicMailAddress>
                    </creator>
                    <creator>
            <individualName>
                    <givenName>Shyama</givenName>
                <surName>Pagad</surName>
            </individualName>
            <organizationName>IUCN SSC Invasive Species Specialist Group (ISSG)</organizationName>
            <positionName>Programme Officer</positionName>
            <address>
                    <country>NZ</country>
            </address>
            <electronicMailAddress>s.pagad@auckland.ac.nz</electronicMailAddress>
                    </creator>
                    <metadataProvider>
            <individualName>
                    <givenName>Shyama</givenName>
                <surName>Pagad</surName>
            </individualName>
            <organizationName>IUCN SSC Invasive Species Specialist Group (ISSG)</organizationName>
            <positionName>Programme Officer</positionName>
            <address>
                    <country>NZ</country>
            </address>
            <electronicMailAddress>s.pagad@auckland.ac.nz</electronicMailAddress>
                    </metadataProvider>
                    <associatedParty>
            <individualName>
                    <givenName>Shyama</givenName>
                <surName>Pagad</surName>
            </individualName>
            <organizationName>IUCN SSC Invasive Species Specialist Group (ISSG)</organizationName>
            <positionName>Programme Officer</positionName>
            <address>
                    <country>NZ</country>
            </address>
            <electronicMailAddress>s.pagad@auckland.ac.nz</electronicMailAddress>
            <role>author</role>
                    </associatedParty>
            <pubDate>
                    2024-02-12
            </pubDate>
            <language>eng</language>
                <abstract>
                            <para>The Global Register of Introduced and Invasive Species (GRIIS) presents validated and verified checklists (inventories) of introduced (alien) and invasive alien species at the country level. Phase 1 of the project has focused on developing validated and verified checklists (inventories) of countries that are Party to the Convention on Biological Diversity. This annotated checklist (inventory) is of introduced (alien) and invasive alien species known to occur in the Juan Fernandez Islands, Chile.</para>
                </abstract>
                        <keywordSet>
                                    <keyword>Checklist</keyword>
                            <keywordThesaurus>GBIF Dataset Type Vocabulary: http://rs.gbif.org/vocabulary/gbif/dataset_type.xml</keywordThesaurus>
                        </keywordSet>
                        <keywordSet>
                                    <keyword>Inventorythematic</keyword>
                            <keywordThesaurus>GBIF Dataset Subtype Vocabulary: http://rs.gbif.org/vocabulary/gbif/dataset_subtype.xml</keywordThesaurus>
                        </keywordSet>
                        <keywordSet>
                                    <keyword>Alien</keyword>
                            <keywordThesaurus>n/a</keywordThesaurus>
                        </keywordSet>
                        <keywordSet>
                                    <keyword>Invasive</keyword>
                            <keywordThesaurus>n/a</keywordThesaurus>
                        </keywordSet>
                        <keywordSet>
                                    <keyword>Validated and Verified</keyword>
                            <keywordThesaurus>n/a</keywordThesaurus>
                        </keywordSet>
                        <keywordSet>
                                    <keyword>country_CL`</keyword>
                            <keywordThesaurus>n/a</keywordThesaurus>
                        </keywordSet>
                        <keywordSet>
                                    <keyword>Checklist</keyword>
                            <keywordThesaurus>GBIF Dataset Type Vocabulary: http://rs.gbif.org/vocabulary/gbif/dataset_type_2015-07-10.xml</keywordThesaurus>
                        </keywordSet>
                <intellectualRights>
                    <para>This work is licensed under a <ulink url="http://creativecommons.org/licenses/by/4.0/legalcode"><citetitle>Creative Commons Attribution (CC-BY) 4.0 License</citetitle></ulink>.</para>
                </intellectualRights>
                <distribution scope="document">
                    <online>
                        <url function="information">http://griis.org/</url>
                    </online>
                </distribution>
                <coverage>
                        <geographicCoverage>
                                <geographicDescription>Juan Fernandez Islands, Chile</geographicDescription>
                            <boundingCoordinates>
                                <westBoundingCoordinate>-78.88</westBoundingCoordinate>
                                <eastBoundingCoordinate>-58.198</eastBoundingCoordinate>
                                <northBoundingCoordinate>-9.671</northBoundingCoordinate>
                                <southBoundingCoordinate>-57.075</southBoundingCoordinate>
                            </boundingCoordinates>
                        </geographicCoverage>
                                <taxonomicCoverage>
                                        <generalTaxonomicCoverage>Juan Fernandez Islands, Chile</generalTaxonomicCoverage>
                                        <taxonomicClassification>
                                                <taxonRankName>kingdom</taxonRankName>
                                            <taxonRankValue>Animalia</taxonRankValue>
                                        </taxonomicClassification>
                                        <taxonomicClassification>
                                                <taxonRankName>kingdom</taxonRankName>
                                            <taxonRankValue>Bacteria</taxonRankValue>
                                        </taxonomicClassification>
                                        <taxonomicClassification>
                                                <taxonRankName>kingdom</taxonRankName>
                                            <taxonRankValue>Chromista</taxonRankValue>
                                        </taxonomicClassification>
                                        <taxonomicClassification>
                                                <taxonRankName>kingdom</taxonRankName>
                                            <taxonRankValue>Fungi</taxonRankValue>
                                        </taxonomicClassification>
                                        <taxonomicClassification>
                                                <taxonRankName>kingdom</taxonRankName>
                                            <taxonRankValue>Plantae</taxonRankValue>
                                        </taxonomicClassification>
                                        <taxonomicClassification>
                                                <taxonRankName>kingdom</taxonRankName>
                                            <taxonRankValue>Protozoa</taxonRankValue>
                                        </taxonomicClassification>
                                        <taxonomicClassification>
                                                <taxonRankName>kingdom</taxonRankName>
                                            <taxonRankValue>Viruses</taxonRankValue>
                                        </taxonomicClassification>
                                </taxonomicCoverage>
                </coverage>
                <purpose>
                    <para>The resource will be a support to countries to make progress to achieve Aichi Biodiversity Target 9 -in the development of their National Biodiversity Strategy and Action Plans, their National Invasive Alien Species Strategy and Action Plan, target setting and monitoring.</para>
                </purpose>
                <maintenance>
                    <description>
                        <para>Updates with any new data and any revisions of existing data will be made on a biannual basis</para>
                    </description>
                    <maintenanceUpdateFrequency>biannually</maintenanceUpdateFrequency>
                </maintenance>

                    <contact>
            <individualName>
                    <givenName>Shyama</givenName>
                <surName>Pagad</surName>
            </individualName>
            <organizationName>IUCN SSC Invasive Species Specialist Group (ISSG)</organizationName>
            <positionName>Programme Officer</positionName>
            <address>
                    <country>NZ</country>
            </address>
            <electronicMailAddress>s.pagad@auckland.ac.nz</electronicMailAddress>
                    </contact>
                <methods>
                            <methodStep>
                                <description>
                                    <para>Data collation and categorization
Data filtering and categorization/ classification 
Taxonomic harmonization and normalization
Data validation
Data verification</para>
                                </description>
                            </methodStep>
                        <sampling>
                            <studyExtent>
                                <description>
                                    <para>The geographic focus of this checklist is the Juan Fernandez Islands, Chile</para>
                                </description>
                            </studyExtent>
                            <samplingDescription>
                                <para>This annotated checklist is focused on introduced (alien) and invasive species that are known to occur in Chile. 

The International Union for Conservation of Nature, (IUCN) describes an Introduced/ Alien and Invasive alien species as follows:  

An Introduced/ Alien species means a species, subspecies, or lower taxon occurring outside of its natural range (past or present) and dispersal potential (i.e. outside the range it occupies naturally or could not occupy without direct or indirect introduction or care by humans) and includes any part, gametes or propagule of such species that might survive and subsequently reproduce. 

An Invasive alien species means an alien species which becomes established in natural or semi-natural ecosystems or habitat, is an agent of change, and threatens native biological diversity.</para>
                            </samplingDescription>
                        </sampling>
                        <qualityControl>
                            <description>
                                <para>The draft checklist (inventory) is compiled by collating data and information through a comprehensive literature overview. Additional steps implemented to control the quality of the data are described below.

Taxonomic harmonisation and normalisation using the GBIF taxonomic backbone
In order to harmonise all species names across countries, species lists are subjected to a normalisation process in which taxon rank and taxonomic status are identified and assigned. Spelling and other errors in assigning species authorship are also corrected.

Data validation
The checklist (inventory) compiler team completes a review and validates all the annotations especially those on provenance and &apos;invasiveness&apos; status of the species based on evidence of impact.

Data verification
The checklist (inventory) is submitted to a network of country editors for a review of both accuracy of records, annotations and identification of any significant gaps in the data. Data verification is an iterative process and the activity is declared completed on agreement of all relevant country editors.</para>
                            </description>
                        </qualityControl>
                </methods>
                <project id="GRIIS">
                    <title>Global Register of Introduced and Invasive Species GRIIS</title>
                        <personnel>
                            <individualName>
                                    <givenName>Shyama</givenName>
                                <surName>Pagad</surName>
                            </individualName>
                            <role>editor</role>
                        </personnel>
                        <personnel>
                            <individualName>
                                    <givenName>Lucilla</givenName>
                                <surName>Carnevalli</surName>
                            </individualName>
                            <role>editor</role>
                        </personnel>
                        <abstract>
                            <para>The Global Register of Introduced and Invasive Species (GRIIS) presents validated and verified checklists (inventories) of introduced (alien) and invasive alien species at the country, territory level.  The development of the GRIIS is an initiative supported by the Secretariat of the Convention on Biological Diversity (CBD) and is implemented within the framework of the Global Invasive Alien Species Information Partnership. The IUCN SSC Invasive Species Specialist Group is the project lead. The resource will be a support to Parties to make progress to Achieve Aichi Target 9 -in the development of their National Biodiversity Strategy and Action Plans, their National Invasive Alien Species Strategy and Action Plan, target setting and monitoring.</para>
                        </abstract>
                        <funding>
                            <para>GRIIS, hosted by Institute for Environmental Protection and Research (ISPRA) in Rome, Italy, has been developed with co-funding from the European Union through the Secretariat of the Convention on Biological Diversity within the framework of the Global Invasive Alien Species Information Partnership (GIASIPartnership).</para>
                        </funding>
                        <studyAreaDescription>
                            <descriptor name="generic"
                                        citableClassificationSystem="false">
                                <descriptorValue>GRIIS has global coverage, including the European Overseas Territories and Regions. Where appropriate, Sub-lists have been created for Oceanic Islands- for e.g. Soqotra of Yemen and the Juan Fernandez Islands of Chile. 

Taxonomic coverage includes all Kingdoms Animalia, Bacteria, Chromista, Fungi, Plantae, Protozoa, Viruses.</descriptorValue>
                            </descriptor>
                        </studyAreaDescription>
                        <designDescription>
                            <description>
                                <para>The Global Register of Invasive Species (GRIS) was developed as a concept and prototype by the IUCN SSC Invasive Species Specialist Group (ISSG) in 2006 as part of a project undertaken for the Defenders of Wildlife on the Regulation of Live Animal Imports into the United States. 

The concept was revisited and expanded by the ISSG to address Aichi Biodiversity Target 9 and support its achievement- with the development of the Global Register of Introduced and Invasive Species (GRIIS). GRIIS hosted by the ISSG compiles annotated and verified country-wise checklists (inventories) of introduced (alien) and invasive alien species. Development and population of the GRIIS was undertaken by the ISSG within the framework of activities of the Information Synthesis and Assessment Working Group of the Global Invasive Alien Species Information Partnership (GIASIP).

A summary of the process
•	The compiler team will conduct a comprehensive lit review of authoritative and credible source information and develop a draft annotated country checklis (inventory) of introduced (alien) and invasive alien species. 
•	Annotations include species name (accepted name and synonym if used by the source), higher taxonomy, environmental/system in which the species occurs, biological status (provenance and invasiveness-based on evidence of impact), 
•	Country editor/editors are identified and consulted with for advice including knowledge of any key resources 
•	Draft checklists (inventories) are submitted to country editors for a review for both accuracy of information and for any significant gaps. Revisions are implemented based on feedback. 
•	Every species record includes a check (indication) if the status has been verified as feedback is received. In cases where ‘evidence of impact’ information is gathered from peer-reviewed literature or reports; the species status will be considered &apos;verified&apos; 
•	Names of the editors as well as the complete reference list of sources consulted is recorded. 
•	Updates will be implemented six-monthly including change in status of species or any new records 
Notes on the annotations
•	Species names recorded from source information are referred to the GBIF taxonomic editor; if the source species name is a synonym, the accepted name is also recorded. This will help us to apply a consistent taxonomy across all inventories 
•	Higher taxonomy- Kingdom, Phylum, Class, Order, Genus and Species with species authority. 
•	Environment system- terrestrial/ freshwater / brackish / marine/ host and combinations 
•	Provenance- a) as recorded by the source information b) as interpreted by the compiler - three options applied are alien, native/alien (if the species is native in a part of a country and alien in another part), provenance uncertain/cryptogenic 
•	Invasiveness based on evidence of impact</para>
                            </description>
                        </designDescription>
                </project>
        </dataset>
            <additionalMetadata>
                <metadata>
                    <gbif>
                            <dateStamp>2017-08-07T16:13:48.559+00:00</dateStamp>
                            <hierarchyLevel>dataset</hierarchyLevel>
                                <citation identifier="http://doi.org/10.15468/o9c2lu">Pauchard A, Sanchez P, Aldridge D, Díaz G M, Soto Volkart N, Skewes O, Wong L J, Pagad S (2024). Global Register of Introduced and Invasive Species - Juan Fernandez Islands, Chile. Version 2.12. Invasive Species Specialist Group ISSG. Checklist dataset. http://doi.org/10.15468/o9c2lu</citation>
                            <dc:replaces>bbab5788-88ba-4eb7-b7f9-3e103303d5bb/v2.12.xml</dc:replaces>
                    </gbif>
                </metadata>
            </additionalMetadata>
    </eml:eml>
