<eml:eml xmlns:eml="eml://ecoinformatics.org/eml-2.1.1"
         xmlns:dc="http://purl.org/dc/terms/"
         xmlns:xsi="http://www.w3.org/2001/XMLSchema-instance"
         xsi:schemaLocation="eml://ecoinformatics.org/eml-2.1.1 http://rs.gbif.org/schema/eml-gbif-profile/1.1/eml.xsd"
         packageId="2a25bba9-eb59-461e-b458-a4a609b5154e/v1.5" system="http://gbif.org" scope="system"
         xml:lang="eng">

<dataset>
  <alternateIdentifier>2a25bba9-eb59-461e-b458-a4a609b5154e</alternateIdentifier>
  <alternateIdentifier>https://cloud.gbif.org/griis/resource?r=griis_galapagos_islands</alternateIdentifier>
  <title xml:lang="eng">Global Register of Introduced and Invasive Species - Galápagos Islands, Ecuador</title>
      <creator>
    <individualName>
        <givenName>Charlotte</givenName>
      <surName>Causton</surName>
    </individualName>
    <organizationName>Charles Darwin Foundation   Puerto Ayora, Islas Galápagos, Ecuador</organizationName>
    <address>
        <country>EC</country>
    </address>
    <electronicMailAddress>charlotte.causton@fcdarwin.org.ec</electronicMailAddress>
      </creator>
      <creator>
    <individualName>
        <givenName>Heinke</givenName>
      <surName>Jäger</surName>
    </individualName>
    <organizationName>Charles Darwin Foundation   Puerto Ayora, Islas Galápagos, Ecuador</organizationName>
    <address>
        <country>EC</country>
    </address>
    <electronicMailAddress>heinke.jaeger@fcdarwin.org.ec</electronicMailAddress>
      </creator>
      <creator>
    <individualName>
        <givenName>Gustavo</givenName>
      <surName>Jiménez-Uzcátegui</surName>
    </individualName>
    <organizationName>Charles Darwin Foundation   Puerto Ayora, Islas Galápagos, Ecuador</organizationName>
    <address>
        <country>EC</country>
    </address>
    <electronicMailAddress>gustavo.jimenez@fcdarwin.org.ec</electronicMailAddress>
      </creator>
      <creator>
    <individualName>
        <givenName>Inti</givenName>
      <surName>Keith</surName>
    </individualName>
    <organizationName>Charles Darwin Foundation   Puerto Ayora, Islas Galápagos, Ecuador</organizationName>
    <address>
        <country>EC</country>
    </address>
    <electronicMailAddress>inti.keith@fcdarwin.org.ec</electronicMailAddress>
      </creator>
      <creator>
    <individualName>
        <givenName>Lian</givenName>
      <surName>Jenna Wong</surName>
    </individualName>
    <organizationName>Biodiversity Data Management Ltd</organizationName>
    <positionName>Research Assistant</positionName>
    <address>
        <country>NZ</country>
    </address>
    <electronicMailAddress>eleusia@gmail.com</electronicMailAddress>
      </creator>
      <creator>
    <individualName>
        <givenName>Shyama</givenName>
      <surName>Pagad</surName>
    </individualName>
    <organizationName>IUCN SSC Invasive Species Specialist Group (ISSG)</organizationName>
    <positionName>Deputy Chair- Information</positionName>
    <address>
        <country>NZ</country>
    </address>
    <electronicMailAddress>s.pagad@auckland.ac.nz</electronicMailAddress>
      </creator>
      <metadataProvider>
    <organizationName>Fundación Charles Darwin para las Islas Galápagos Charles Darwin Foundation for the Galapagos Islands</organizationName>
    <address>
        <country>EC</country>
    </address>
    <phone>(593) 5 2526-146/2527-013 Ext 101</phone>
    <onlineUrl>http://www.darwinfoundation.org</onlineUrl>
      </metadataProvider>
      <associatedParty>
    <individualName>
        <givenName>Shyama</givenName>
      <surName>Pagad</surName>
    </individualName>
    <organizationName>IUCN SSC Invasive Species Specialist Group (ISSG)</organizationName>
    <positionName>Deputy Chair- Information</positionName>
    <address>
        <country>NZ</country>
    </address>
    <electronicMailAddress>s.pagad@auckland.ac.nz</electronicMailAddress>
    <role>user</role>
      </associatedParty>
  <pubDate>
      2020-03-31
  </pubDate>
  <language>eng</language>
  <abstract>
    <para>The Global Register of Introduced and Invasive Species (GRIIS) presents validated and verified checklists (inventories) of introduced (alien) and invasive alien species at the country, territory, and associated island level. 

Phase 1 of the project focused on developing validated and verified checklists of countries that are Party to the Convention on Biological Diversity (CBD). Phase 2 which is on-going, aims to achieve global coverage including non-party countries and all overseas territories of countries e.g. Netherlands, France and United Kingdom. Species belonging to all Kingdoms are covered as well as occurring in all Environment/systems. 

Country/ Territory/ Island checklists are reviewed and verified by networks of country or species experts. Verified checklists/ species records as well as those under review are presented on the online GRIIS website (www.griis.org). Individual species records are flagged with a ‘yes’ for verification.  Only verified checklists/ species records are presented on the GBIF Portal.  

This annotated checklist is of introduced (alien) and invasive alien species known to occur in the Galapagos Islands of Ecuador.</para>
    <para>The introduced species database for Galapagos has been managed by the Charles Darwin Foundation (CDF) since it was formed and can be found on the CDF website under ‘dataZone’. This is a centralized database for species found in Galapagos and includes contributions from many researchers as well as staff from the Galapagos National Park Directorate, Galapagos Biosecurity Agency, Ministry of Agriculture and other local institutions. 
CDF is currently working on a new design for dataZone that will include new fields for introduced species to meet the requirements of CBD. 
The last review of invasive species in Galapagos was carried out ten years ago. Because of this, the list of invasive species in the checklist is not current. A review of invasive species will be conducted in 2019 using risk analysis tools.</para>
  </abstract>
      <keywordSet>
            <keyword>Checklist</keyword>
        <keywordThesaurus>GBIF Dataset Type Vocabulary: http://rs.gbif.org/vocabulary/gbif/dataset_type.xml</keywordThesaurus>
      </keywordSet>
      <keywordSet>
            <keyword>Inventorythematic</keyword>
        <keywordThesaurus>GBIF Dataset Subtype Vocabulary: http://rs.gbif.org/vocabulary/gbif/dataset_subtype.xml</keywordThesaurus>
      </keywordSet>
      <keywordSet>
            <keyword>Alien</keyword>
        <keywordThesaurus>n/a</keywordThesaurus>
      </keywordSet>
      <keywordSet>
            <keyword>Invasive</keyword>
        <keywordThesaurus>n/a</keywordThesaurus>
      </keywordSet>
      <keywordSet>
            <keyword>Validated and Verified</keyword>
        <keywordThesaurus>n/a</keywordThesaurus>
      </keywordSet>
      <keywordSet>
            <keyword>country_EC-W</keyword>
        <keywordThesaurus>n/a</keywordThesaurus>
      </keywordSet>
  <intellectualRights>
    <para>This work is licensed under a <ulink url="http://creativecommons.org/licenses/by/4.0/legalcode"><citetitle>Creative Commons Attribution (CC-BY) 4.0 License</citetitle></ulink>.</para>
  </intellectualRights>
  <distribution scope="document">
    <online>
      <url function="information">http://griis.org/</url>
    </online>
  </distribution>
  <coverage>
      <geographicCoverage>
          <geographicDescription>Galapagos Islands of Ecuador</geographicDescription>
        <boundingCoordinates>
          <westBoundingCoordinate>-92.922</westBoundingCoordinate>
          <eastBoundingCoordinate>-88.813</eastBoundingCoordinate>
          <northBoundingCoordinate>0.505</northBoundingCoordinate>
          <southBoundingCoordinate>-1.801</southBoundingCoordinate>
        </boundingCoordinates>
      </geographicCoverage>
          <taxonomicCoverage>
              <generalTaxonomicCoverage>Animalia, Bacteria, Chromista, Fungi, Plantae, Protozoa, Viruses</generalTaxonomicCoverage>
              <taxonomicClassification>
                  <taxonRankName>kingdom</taxonRankName>
                <taxonRankValue>Animalia</taxonRankValue>
              </taxonomicClassification>
              <taxonomicClassification>
                  <taxonRankName>kingdom</taxonRankName>
                <taxonRankValue>Bacteria</taxonRankValue>
              </taxonomicClassification>
              <taxonomicClassification>
                  <taxonRankName>kingdom</taxonRankName>
                <taxonRankValue>Chromista</taxonRankValue>
              </taxonomicClassification>
              <taxonomicClassification>
                  <taxonRankName>kingdom</taxonRankName>
                <taxonRankValue>Fungi</taxonRankValue>
              </taxonomicClassification>
              <taxonomicClassification>
                  <taxonRankName>kingdom</taxonRankName>
                <taxonRankValue>Plantae</taxonRankValue>
              </taxonomicClassification>
              <taxonomicClassification>
                  <taxonRankName>kingdom</taxonRankName>
                <taxonRankValue>Protozoa</taxonRankValue>
              </taxonomicClassification>
              <taxonomicClassification>
                  <taxonRankName>kingdom</taxonRankName>
                <taxonRankValue>Viruses</taxonRankValue>
              </taxonomicClassification>
          </taxonomicCoverage>
  </coverage>
  <purpose>
    <para>The resource will be a support to countries to make progress to achieve Aichi Biodiversity Target 9 -in the development of their National Biodiversity Strategy and Action Plans, their National Invasive Alien Species Strategy and Action Plan, target setting and monitoring.</para>
  </purpose>
  <maintenance>
    <description>
      <para>Updates with any new data and any revisions of existing data will be made on a biannual basis</para>
    </description>
    <maintenanceUpdateFrequency>annually</maintenanceUpdateFrequency>
  </maintenance>

      <contact>
    <individualName>
        <givenName>Shyama</givenName>
      <surName>Pagad</surName>
    </individualName>
    <organizationName>IUCN SSC Invasive Species Specialist Group (ISSG)</organizationName>
    <positionName>Deputy Chair- Information</positionName>
    <address>
        <country>NZ</country>
    </address>
    <electronicMailAddress>s.pagad@auckland.ac.nz</electronicMailAddress>
      </contact>
  <methods>
        <methodStep>
          <description>
            <para>Data collation and categorization
Data filtering and categorization/ classification 
Taxonomic harmonization and normalization
Data validation
Data verification</para>
          </description>
        </methodStep>
        <methodStep>
          <description>
            <para>The published methods underpinning GRIIS and each Checklist are described in the following article: Pagad S, Genovesi P, Carnevali L, Schigel D, McGeoch MA (2018) Introducing the Global Register of Introduced and Invasive Species. Scientific Data, 5, 170202. https://www.nature.com/articles/sdata2017202
Contacts</para>
          </description>
        </methodStep>
      <sampling>
        <studyExtent>
          <description>
            <para>The geographic focus of this checklist is the Galapagos Islands of Ecuador</para>
          </description>
        </studyExtent>
        <samplingDescription>
          <para>This annotated checklist is focused on introduced (alien) and invasive species that are known to occur in the Galapagos Islands of Ecuador

The International Union for Conservation of Nature, (IUCN) describes an Introduced/ Alien and Invasive alien species as follows:  

An Introduced/ Alien species means a species, subspecies, or lower taxon occurring outside of its natural range (past or present) and dispersal potential (i.e. outside the range it occupies naturally or could not occupy without direct or indirect introduction or care by humans) and includes any part, gametes or propagule of such species that might survive and subsequently reproduce. 

An Invasive alien species means an alien species which becomes established in natural or semi-natural ecosystems or habitat, is an agent of change, and threatens native biological diversity.</para>
        </samplingDescription>
      </sampling>
      <qualityControl>
        <description>
          <para>The draft checklist (inventory) is compiled by collating data and information through a comprehensive literature overview. Additional steps implemented to control the quality of the data are described below.

Taxonomic harmonization and normalization using the GBIF taxonomic backbone
In order to harmonize all species names across countries, species lists are subjected to a normalization process in which taxon rank and taxonomic status are identified and assigned. Spelling and other errors in assigning species authorship are also corrected.

Data validation
The checklist (inventory) compiler team completes a review and validates all the annotations especially those on provenance and &apos;invasiveness&apos; status of the species based on evidence of impact.

Data verification
The checklist (inventory) is submitted to a network of country editors for a review of both accuracy of records, annotations and identification of any significant gaps in the data. Data verification is an iterative process and the activity is declared completed on agreement of all relevant country editors.</para>
        </description>
      </qualityControl>
  </methods>
  <project id="GRIIS">
    <title>Global Register of Introduced and Invasive Species GRIIS</title>
      <personnel>
        <individualName>
            <givenName>Shyama</givenName>
          <surName>Pagad</surName>
        </individualName>
        <role></role>
      </personnel>
      <abstract>
        <para>The Global Register of Introduced and Invasive Species (GRIIS) presents validated and verified checklists (inventories) of introduced (alien) and invasive alien species at the country, territory level.  The development of the GRIIS is an initiative supported by the Secretariat of the Convention on Biological Diversity (CBD) and is implemented within the framework of the Global Invasive Alien Species Information Partnership. The IUCN SSC Invasive Species Specialist Group is the project lead. The resource will be a support to Parties to make progress to Achieve Aichi Target 9 -in the development of their National Biodiversity Strategy and Action Plans, their National Invasive Alien Species Strategy and Action Plan, target setting and monitoring.</para>
      </abstract>
      <funding>
        <para>GRIIS, hosted by Institute for Environmental Protection and Research (ISPRA) in Rome, Italy, has been developed with co-funding from the European Union through the Secretariat of the Convention on Biological Diversity within the framework of the Global Invasive Alien Species Information Partnership (GIASIPartnership).</para>
      </funding>
      <studyAreaDescription>
        <descriptor name="generic"
                    citableClassificationSystem="false">
          <descriptorValue>GRIIS has global coverage, including the European Overseas Territories and Regions. Where appropriate, Sub-lists have been created for Oceanic Islands- for e.g. Soqotra of Yemen and the Juan Fernandez Islands of Chile. 

Taxonomic coverage includes all Kingdoms Animalia, Bacteria, Chromista, Fungi, Plantae, Protozoa, Viruses.

The annotations recorded in GRIIS include- Species name and authorship, synonyms if used and authorship, Higher taxonomy (kingdom), Environment/system in which the species occurs, provenance or origin of the species, evidence of impact in that country, on biological diversity or natural areas and finally if the presence and biological status is verified. All information sources used to obtain any of the annotations are documented for every species record. A network of nominated country editors has committed to update and verify species records.</descriptorValue>
        </descriptor>
      </studyAreaDescription>
      <designDescription>
        <description>
          <para>The Global Register of Invasive Species (GRIS) was developed as a concept and prototype by the IUCN SSC Invasive Species Specialist Group (ISSG) in 2006 as part of a project undertaken for the Defenders of Wildlife on the Regulation of Live Animal Imports into the United States. 

The concept was revisited and expanded by the ISSG to address Aichi Biodiversity Target 9 and support its achievement- with the development of the Global Register of Introduced and Invasive Species (GRIIS). GRIIS hosted by the ISSG compiles annotated and verified country-wise checklists (inventories) of introduced (alien) and invasive alien species. Development and population of the GRIIS was undertaken by the ISSG within the framework of activities of the Information Synthesis and Assessment Working Group of the Global Invasive Alien Species Information Partnership (GIASIP).

A summary of the process
•	The compiler team will conduct a comprehensive lit review of authoritative and credible source information and develop a draft annotated country checklist (inventory) of introduced (alien) and invasive alien species. 
•	Annotations include species name (accepted name and synonym if used by the source), higher taxonomy, environmental/system in which the species occurs, biological status (provenance and invasiveness-based on evidence of impact), 
•	Country editor/editors are identified and consulted with for advice including knowledge of any key resources 
•	Draft checklists (inventories) are submitted to country editors for a review for both accuracy of information and for any significant gaps. Revisions are implemented based on feedback. 
•	Every species record includes a check (indication) if the status has been verified as feedback is received. In cases where ‘evidence of impact’ information is gathered from peer-reviewed literature or reports; the species status will be considered &apos;verified&apos; 
•	Names of the editors as well as the complete reference list of sources consulted is recorded. 
•	Updates will be implemented six-monthly including change in status of species or any new records 
Notes on the annotations
•	Species names recorded from source information are referred to the GBIF taxonomic editor; if the source species name is a synonym, the accepted name is also recorded. This will help us to apply a consistent taxonomy across all inventories 
•	Higher taxonomy- Kingdom, Phylum, Class, Order, Genus and Species with species authority. 
•	Environment system- terrestrial/ freshwater / brackish / marine/ host and combinations 
•	Provenance- a) as recorded by the source information b) as interpreted by the compiler - three options applied are alien, native/alien (if the species is native in a part of a country and alien in another part), provenance uncertain/cryptogenic 
•	Invasiveness based on evidence of impact</para>
        </description>
      </designDescription>
  </project>
</dataset>
  <additionalMetadata>
    <metadata>
      <gbif>
          <dateStamp>2018-10-12T21:04:39.304+00:00</dateStamp>
          <hierarchyLevel>dataset</hierarchyLevel>
            <citation>Causton C, Jäger H, Jiménez-Uzcátegui G, Keith I, Jenna Wong L, Pagad S (2020): Global Register of Introduced and Invasive Species - Galápagos Islands, Ecuador. v1.5. Invasive Species Specialist Group ISSG. Dataset/Checklist. https://cloud.gbif.org/griis/resource?r=griis_galapagos_islands&amp;v=1.5</citation>
          <resourceLogoUrl>http://www.griis.org/css/img/logo.png</resourceLogoUrl>
          <dc:replaces>2a25bba9-eb59-461e-b458-a4a609b5154e/v1.5.xml</dc:replaces>
      </gbif>
    </metadata>
  </additionalMetadata>
</eml:eml>
